{
  "UserDetails": [
    {
      "id": "002",
      "Book_Title": "Kurukku",
      "Book_Author": "Faustina Bama",
      "Book_Count": "30"
    },
    {
      "id": "003",
      "Book_Title": "Kurukku",
      "Book_Author": "Faustina Bama",
      "Book_Count": "30"
    },
    {
      "id": "004",
      "Book_Title": "Kurukku",
      "Book_Author": "Faustina Bama",
      "Book_Count": "30"
    },
    {
      "id": "005",
      "Book_Title": "Kurukku",
      "Book_Author": "Faustina Bama",
      "Book_Count": "30"
    },
    {
      "id": "006",
      "Book_Title": "Kurukku",
      "Book_Author": "Faustina Bama",
      "Book_Count": "30"
    }
  ]
}