{
  "UserDetails": [
    {
      "id": "004",
      "Book_Title": "Harry_Potter",
      "Book_Author": "J.K. Rowling",
      "Book_Count": "30"
    },
    {
      "id": "005",
      "Book_Title": "Malificient",
      "Book_Author": "Grey",
      "Book_Count": "30"
    },
    {
      "id": "006",
      "Book_Title": "Divergent",
      "Book_Author": "P.K Fascino",
      "Book_Count": "30"
    },
    {
      "id": "007",
      "Book_Title": "Sheverlet",
      "Book_Author": "Joy Pattrick",
      "Book_Count": "15"
    },
    {
      "id": "008",
      "Book_Title": "Moana",
      "Book_Author": "Chishti",
      "Book_Count": "55"
    },
    {
      "id": "009",
      "Book_Title": "Stranger Things",
      "Book_Author": "J.K. Rowling",
      "Book_Count": "30"
    }
  ]
}